{
    "rmse": 0.7548906924150197,
    "mae": 0.6100386612857394,
    "r2": 0.12799564178379275
}